{
    "flow": 0.131,
    "volatile_solid": 0.007,
    "time": [
        8e-05,
        0.77087,
        1.80152,
        2.94746,
        5.7614,
        6.76702,
        7.77255,
        8.77945,
        9.78536,
        12.83401,
        13.78213,
        15.91047,
        19.79403,
        20.80027,
        21.77845
    ],
    "substrates": [
        {
            "name": "Biogas1 [mL/g]",
            "values": [
                0.2,
                51.16385,
                94.76659,
                136.56985,
                183.44037,
                194.622,
                206.5241,
                206.53861,
                215.19864,
                222.44718,
                233.26775,
                237.98142,
                239.83853,
                245.61672,
                245.27058
            ]
        },
        {
            "name": "Biogas2 [mL/g]",
            "values": [
                0.374064837905336,
                43.0174563591023,
                71.4463840399003,
                116.708229426434,
                193.765586034912,
                206.857855361596,
                218.453865336658,
                230.423940149625,
                240.897755610972,
                256.234413965087,
                262.593516209476,
                266.334164588528,
                271.197007481296,
                270.822942643391,
                269.700748129675
            ]
        },
        {
            "name": "Biogas3 [mL/g]",
            "values": [
                0.35714245028214,
                29.6322287169871,
                55.6899570631613,
                99.9585327426148,
                170.632409851435,
                186.3319818501,
                197.031559544817,
                208.446105666318,
                219.146025124145,
                236.960085486345,
                241.94572573966,
                245.487758614993,
                252.574558470541,
                253.989457747257,
                252.902651056446
            ]
        }
    ]
}
